{
    "Th": 0.0006142490019556135,
    "Tsenc": 0.008463868987746537,
    "Tsdec": 0.008727736014407128,
    "Tg": 0.055998535972321406,
    "Tsm": 0.003909981984179467,
    "Tpm": 6.96651636401657,
    "Tpa": 0.012223433994222432,
    "Tcha": 0.00873155301087536,
    "Tecm": 0.04829805402550846,
    "Teca": 0.02158690898795612
}